{ "frames": {
   "pirate 0.ase": {
    "frame": { "x": 0, "y": 0, "w": 1550, "h": 1293 },
    "rotated": false,
    "trimmed": false,
    "spriteSourceSize": { "x": 0, "y": 0, "w": 1550, "h": 1293 },
    "sourceSize": { "w": 1550, "h": 1293 },
    "duration": 100
   },
   "pirate 1.ase": {
    "frame": { "x": 1550, "y": 0, "w": 1550, "h": 1293 },
    "rotated": false,
    "trimmed": false,
    "spriteSourceSize": { "x": 0, "y": 0, "w": 1550, "h": 1293 },
    "sourceSize": { "w": 1550, "h": 1293 },
    "duration": 100
   },
   "pirate 2.ase": {
    "frame": { "x": 3100, "y": 0, "w": 1550, "h": 1293 },
    "rotated": false,
    "trimmed": false,
    "spriteSourceSize": { "x": 0, "y": 0, "w": 1550, "h": 1293 },
    "sourceSize": { "w": 1550, "h": 1293 },
    "duration": 100
   },
   "pirate 3.ase": {
    "frame": { "x": 4650, "y": 0, "w": 1550, "h": 1293 },
    "rotated": false,
    "trimmed": false,
    "spriteSourceSize": { "x": 0, "y": 0, "w": 1550, "h": 1293 },
    "sourceSize": { "w": 1550, "h": 1293 },
    "duration": 100
   },
   "pirate 4.ase": {
    "frame": { "x": 6200, "y": 0, "w": 1550, "h": 1293 },
    "rotated": false,
    "trimmed": false,
    "spriteSourceSize": { "x": 0, "y": 0, "w": 1550, "h": 1293 },
    "sourceSize": { "w": 1550, "h": 1293 },
    "duration": 100
   },
   "pirate 5.ase": {
    "frame": { "x": 7750, "y": 0, "w": 1550, "h": 1293 },
    "rotated": false,
    "trimmed": false,
    "spriteSourceSize": { "x": 0, "y": 0, "w": 1550, "h": 1293 },
    "sourceSize": { "w": 1550, "h": 1293 },
    "duration": 100
   },
   "pirate 6.ase": {
    "frame": { "x": 9300, "y": 0, "w": 1550, "h": 1293 },
    "rotated": false,
    "trimmed": false,
    "spriteSourceSize": { "x": 0, "y": 0, "w": 1550, "h": 1293 },
    "sourceSize": { "w": 1550, "h": 1293 },
    "duration": 100
   },
   "pirate 7.ase": {
    "frame": { "x": 10850, "y": 0, "w": 1550, "h": 1293 },
    "rotated": false,
    "trimmed": false,
    "spriteSourceSize": { "x": 0, "y": 0, "w": 1550, "h": 1293 },
    "sourceSize": { "w": 1550, "h": 1293 },
    "duration": 100
   },
   "pirate 8.ase": {
    "frame": { "x": 12400, "y": 0, "w": 1550, "h": 1293 },
    "rotated": false,
    "trimmed": false,
    "spriteSourceSize": { "x": 0, "y": 0, "w": 1550, "h": 1293 },
    "sourceSize": { "w": 1550, "h": 1293 },
    "duration": 100
   },
   "pirate 9.ase": {
    "frame": { "x": 13950, "y": 0, "w": 1550, "h": 1293 },
    "rotated": false,
    "trimmed": false,
    "spriteSourceSize": { "x": 0, "y": 0, "w": 1550, "h": 1293 },
    "sourceSize": { "w": 1550, "h": 1293 },
    "duration": 100
   },
   "pirate 10.ase": {
    "frame": { "x": 15500, "y": 0, "w": 1550, "h": 1293 },
    "rotated": false,
    "trimmed": false,
    "spriteSourceSize": { "x": 0, "y": 0, "w": 1550, "h": 1293 },
    "sourceSize": { "w": 1550, "h": 1293 },
    "duration": 100
   },
   "pirate 11.ase": {
    "frame": { "x": 17050, "y": 0, "w": 1550, "h": 1293 },
    "rotated": false,
    "trimmed": false,
    "spriteSourceSize": { "x": 0, "y": 0, "w": 1550, "h": 1293 },
    "sourceSize": { "w": 1550, "h": 1293 },
    "duration": 100
   },
   "pirate 12.ase": {
    "frame": { "x": 18600, "y": 0, "w": 1550, "h": 1293 },
    "rotated": false,
    "trimmed": false,
    "spriteSourceSize": { "x": 0, "y": 0, "w": 1550, "h": 1293 },
    "sourceSize": { "w": 1550, "h": 1293 },
    "duration": 100
   },
   "pirate 13.ase": {
    "frame": { "x": 20150, "y": 0, "w": 1550, "h": 1293 },
    "rotated": false,
    "trimmed": false,
    "spriteSourceSize": { "x": 0, "y": 0, "w": 1550, "h": 1293 },
    "sourceSize": { "w": 1550, "h": 1293 },
    "duration": 100
   },
   "pirate 14.ase": {
    "frame": { "x": 21700, "y": 0, "w": 1550, "h": 1293 },
    "rotated": false,
    "trimmed": false,
    "spriteSourceSize": { "x": 0, "y": 0, "w": 1550, "h": 1293 },
    "sourceSize": { "w": 1550, "h": 1293 },
    "duration": 100
   },
   "pirate 15.ase": {
    "frame": { "x": 23250, "y": 0, "w": 1550, "h": 1293 },
    "rotated": false,
    "trimmed": false,
    "spriteSourceSize": { "x": 0, "y": 0, "w": 1550, "h": 1293 },
    "sourceSize": { "w": 1550, "h": 1293 },
    "duration": 100
   },
   "pirate 16.ase": {
    "frame": { "x": 24800, "y": 0, "w": 1550, "h": 1293 },
    "rotated": false,
    "trimmed": false,
    "spriteSourceSize": { "x": 0, "y": 0, "w": 1550, "h": 1293 },
    "sourceSize": { "w": 1550, "h": 1293 },
    "duration": 100
   },
   "pirate 17.ase": {
    "frame": { "x": 26350, "y": 0, "w": 1550, "h": 1293 },
    "rotated": false,
    "trimmed": false,
    "spriteSourceSize": { "x": 0, "y": 0, "w": 1550, "h": 1293 },
    "sourceSize": { "w": 1550, "h": 1293 },
    "duration": 100
   },
   "pirate 18.ase": {
    "frame": { "x": 27900, "y": 0, "w": 1550, "h": 1293 },
    "rotated": false,
    "trimmed": false,
    "spriteSourceSize": { "x": 0, "y": 0, "w": 1550, "h": 1293 },
    "sourceSize": { "w": 1550, "h": 1293 },
    "duration": 100
   },
   "pirate 19.ase": {
    "frame": { "x": 29450, "y": 0, "w": 1550, "h": 1293 },
    "rotated": false,
    "trimmed": false,
    "spriteSourceSize": { "x": 0, "y": 0, "w": 1550, "h": 1293 },
    "sourceSize": { "w": 1550, "h": 1293 },
    "duration": 100
   },
   "pirate 20.ase": {
    "frame": { "x": 31000, "y": 0, "w": 1550, "h": 1293 },
    "rotated": false,
    "trimmed": false,
    "spriteSourceSize": { "x": 0, "y": 0, "w": 1550, "h": 1293 },
    "sourceSize": { "w": 1550, "h": 1293 },
    "duration": 100
   },
   "pirate 21.ase": {
    "frame": { "x": 32550, "y": 0, "w": 1550, "h": 1293 },
    "rotated": false,
    "trimmed": false,
    "spriteSourceSize": { "x": 0, "y": 0, "w": 1550, "h": 1293 },
    "sourceSize": { "w": 1550, "h": 1293 },
    "duration": 100
   },
   "pirate 22.ase": {
    "frame": { "x": 34100, "y": 0, "w": 1550, "h": 1293 },
    "rotated": false,
    "trimmed": false,
    "spriteSourceSize": { "x": 0, "y": 0, "w": 1550, "h": 1293 },
    "sourceSize": { "w": 1550, "h": 1293 },
    "duration": 100
   },
   "pirate 23.ase": {
    "frame": { "x": 35650, "y": 0, "w": 1550, "h": 1293 },
    "rotated": false,
    "trimmed": false,
    "spriteSourceSize": { "x": 0, "y": 0, "w": 1550, "h": 1293 },
    "sourceSize": { "w": 1550, "h": 1293 },
    "duration": 100
   },
   "pirate 24.ase": {
    "frame": { "x": 37200, "y": 0, "w": 1550, "h": 1293 },
    "rotated": false,
    "trimmed": false,
    "spriteSourceSize": { "x": 0, "y": 0, "w": 1550, "h": 1293 },
    "sourceSize": { "w": 1550, "h": 1293 },
    "duration": 100
   },
   "pirate 25.ase": {
    "frame": { "x": 38750, "y": 0, "w": 1550, "h": 1293 },
    "rotated": false,
    "trimmed": false,
    "spriteSourceSize": { "x": 0, "y": 0, "w": 1550, "h": 1293 },
    "sourceSize": { "w": 1550, "h": 1293 },
    "duration": 100
   },
   "pirate 26.ase": {
    "frame": { "x": 40300, "y": 0, "w": 1550, "h": 1293 },
    "rotated": false,
    "trimmed": false,
    "spriteSourceSize": { "x": 0, "y": 0, "w": 1550, "h": 1293 },
    "sourceSize": { "w": 1550, "h": 1293 },
    "duration": 100
   },
   "pirate 27.ase": {
    "frame": { "x": 41850, "y": 0, "w": 1550, "h": 1293 },
    "rotated": false,
    "trimmed": false,
    "spriteSourceSize": { "x": 0, "y": 0, "w": 1550, "h": 1293 },
    "sourceSize": { "w": 1550, "h": 1293 },
    "duration": 100
   },
   "pirate 28.ase": {
    "frame": { "x": 43400, "y": 0, "w": 1550, "h": 1293 },
    "rotated": false,
    "trimmed": false,
    "spriteSourceSize": { "x": 0, "y": 0, "w": 1550, "h": 1293 },
    "sourceSize": { "w": 1550, "h": 1293 },
    "duration": 100
   },
   "pirate 29.ase": {
    "frame": { "x": 44950, "y": 0, "w": 1550, "h": 1293 },
    "rotated": false,
    "trimmed": false,
    "spriteSourceSize": { "x": 0, "y": 0, "w": 1550, "h": 1293 },
    "sourceSize": { "w": 1550, "h": 1293 },
    "duration": 100
   },
   "pirate 30.ase": {
    "frame": { "x": 46500, "y": 0, "w": 1550, "h": 1293 },
    "rotated": false,
    "trimmed": false,
    "spriteSourceSize": { "x": 0, "y": 0, "w": 1550, "h": 1293 },
    "sourceSize": { "w": 1550, "h": 1293 },
    "duration": 100
   },
   "pirate 31.ase": {
    "frame": { "x": 48050, "y": 0, "w": 1550, "h": 1293 },
    "rotated": false,
    "trimmed": false,
    "spriteSourceSize": { "x": 0, "y": 0, "w": 1550, "h": 1293 },
    "sourceSize": { "w": 1550, "h": 1293 },
    "duration": 100
   },
   "pirate 32.ase": {
    "frame": { "x": 49600, "y": 0, "w": 1550, "h": 1293 },
    "rotated": false,
    "trimmed": false,
    "spriteSourceSize": { "x": 0, "y": 0, "w": 1550, "h": 1293 },
    "sourceSize": { "w": 1550, "h": 1293 },
    "duration": 100
   },
   "pirate 33.ase": {
    "frame": { "x": 51150, "y": 0, "w": 1550, "h": 1293 },
    "rotated": false,
    "trimmed": false,
    "spriteSourceSize": { "x": 0, "y": 0, "w": 1550, "h": 1293 },
    "sourceSize": { "w": 1550, "h": 1293 },
    "duration": 100
   },
   "pirate 34.ase": {
    "frame": { "x": 52700, "y": 0, "w": 1550, "h": 1293 },
    "rotated": false,
    "trimmed": false,
    "spriteSourceSize": { "x": 0, "y": 0, "w": 1550, "h": 1293 },
    "sourceSize": { "w": 1550, "h": 1293 },
    "duration": 100
   },
   "pirate 35.ase": {
    "frame": { "x": 54250, "y": 0, "w": 1550, "h": 1293 },
    "rotated": false,
    "trimmed": false,
    "spriteSourceSize": { "x": 0, "y": 0, "w": 1550, "h": 1293 },
    "sourceSize": { "w": 1550, "h": 1293 },
    "duration": 100
   },
   "pirate 36.ase": {
    "frame": { "x": 55800, "y": 0, "w": 1550, "h": 1293 },
    "rotated": false,
    "trimmed": false,
    "spriteSourceSize": { "x": 0, "y": 0, "w": 1550, "h": 1293 },
    "sourceSize": { "w": 1550, "h": 1293 },
    "duration": 100
   },
   "pirate 37.ase": {
    "frame": { "x": 57350, "y": 0, "w": 1550, "h": 1293 },
    "rotated": false,
    "trimmed": false,
    "spriteSourceSize": { "x": 0, "y": 0, "w": 1550, "h": 1293 },
    "sourceSize": { "w": 1550, "h": 1293 },
    "duration": 100
   },
   "pirate 38.ase": {
    "frame": { "x": 58900, "y": 0, "w": 1550, "h": 1293 },
    "rotated": false,
    "trimmed": false,
    "spriteSourceSize": { "x": 0, "y": 0, "w": 1550, "h": 1293 },
    "sourceSize": { "w": 1550, "h": 1293 },
    "duration": 100
   },
   "pirate 39.ase": {
    "frame": { "x": 60450, "y": 0, "w": 1550, "h": 1293 },
    "rotated": false,
    "trimmed": false,
    "spriteSourceSize": { "x": 0, "y": 0, "w": 1550, "h": 1293 },
    "sourceSize": { "w": 1550, "h": 1293 },
    "duration": 100
   },
   "pirate 40.ase": {
    "frame": { "x": 62000, "y": 0, "w": 1550, "h": 1293 },
    "rotated": false,
    "trimmed": false,
    "spriteSourceSize": { "x": 0, "y": 0, "w": 1550, "h": 1293 },
    "sourceSize": { "w": 1550, "h": 1293 },
    "duration": 100
   },
   "pirate 41.ase": {
    "frame": { "x": 63550, "y": 0, "w": 1550, "h": 1293 },
    "rotated": false,
    "trimmed": false,
    "spriteSourceSize": { "x": 0, "y": 0, "w": 1550, "h": 1293 },
    "sourceSize": { "w": 1550, "h": 1293 },
    "duration": 100
   },
   "pirate 42.ase": {
    "frame": { "x": 65100, "y": 0, "w": 1550, "h": 1293 },
    "rotated": false,
    "trimmed": false,
    "spriteSourceSize": { "x": 0, "y": 0, "w": 1550, "h": 1293 },
    "sourceSize": { "w": 1550, "h": 1293 },
    "duration": 100
   },
   "pirate 43.ase": {
    "frame": { "x": 66650, "y": 0, "w": 1550, "h": 1293 },
    "rotated": false,
    "trimmed": false,
    "spriteSourceSize": { "x": 0, "y": 0, "w": 1550, "h": 1293 },
    "sourceSize": { "w": 1550, "h": 1293 },
    "duration": 100
   },
   "pirate 44.ase": {
    "frame": { "x": 68200, "y": 0, "w": 1550, "h": 1293 },
    "rotated": false,
    "trimmed": false,
    "spriteSourceSize": { "x": 0, "y": 0, "w": 1550, "h": 1293 },
    "sourceSize": { "w": 1550, "h": 1293 },
    "duration": 100
   },
   "pirate 45.ase": {
    "frame": { "x": 69750, "y": 0, "w": 1550, "h": 1293 },
    "rotated": false,
    "trimmed": false,
    "spriteSourceSize": { "x": 0, "y": 0, "w": 1550, "h": 1293 },
    "sourceSize": { "w": 1550, "h": 1293 },
    "duration": 100
   },
   "pirate 46.ase": {
    "frame": { "x": 71300, "y": 0, "w": 1550, "h": 1293 },
    "rotated": false,
    "trimmed": false,
    "spriteSourceSize": { "x": 0, "y": 0, "w": 1550, "h": 1293 },
    "sourceSize": { "w": 1550, "h": 1293 },
    "duration": 100
   },
   "pirate 47.ase": {
    "frame": { "x": 72850, "y": 0, "w": 1550, "h": 1293 },
    "rotated": false,
    "trimmed": false,
    "spriteSourceSize": { "x": 0, "y": 0, "w": 1550, "h": 1293 },
    "sourceSize": { "w": 1550, "h": 1293 },
    "duration": 100
   },
   "pirate 48.ase": {
    "frame": { "x": 74400, "y": 0, "w": 1550, "h": 1293 },
    "rotated": false,
    "trimmed": false,
    "spriteSourceSize": { "x": 0, "y": 0, "w": 1550, "h": 1293 },
    "sourceSize": { "w": 1550, "h": 1293 },
    "duration": 100
   }
 },
 "meta": {
  "app": "https://www.aseprite.org/",
  "version": "1.3.6-arm64",
  "image": "pirate.png",
  "format": "RGBA8888",
  "size": { "w": 75950, "h": 1293 },
  "scale": "1",
  "frameTags": [
  ],
  "layers": [
   { "name": "Layer", "opacity": 255, "blendMode": "normal" }
  ],
  "slices": [
  ]
 }
}
